{
  "parse": {
    "rust_ms": 44.73455554666667,
    "python_ms": 197.66353607999997,
    "speedup": 4.41858723451045
  },
  "validate": {
    "rust_ms": 35.16245,
    "python_ms": 603.4465388666666,
    "speedup": 17.161674993257485
  },
  "tokenize": {
    "rust_ms": 57.97416968666667,
    "python_ms": 598.0240944866667,
    "speedup": 10.315354195132263
  }
}