{
  "parse": {
    "rust_ms": 44.09669652,
    "python_ms": 197.05962192000004,
    "speedup": 4.468806905538239
  },
  "validate": {
    "rust_ms": 35.02743932,
    "python_ms": 589.9034725199999,
    "speedup": 16.84118176983541
  },
  "tokenize": {
    "rust_ms": 57.66470918000001,
    "python_ms": 599.19395918,
    "speedup": 10.390999411956106
  }
}