{
  "dataset": {
    "records": 5000,
    "sequence_length": 600,
    "total_residues": 3000000,
    "seed": 7
  },
  "loops": 7,
  "biopython_parse_tokenize": {
    "seconds": [
      0.20436505699996133,
      0.19963885800001435,
      0.20268680800000993,
      0.21127930699998387,
      0.2010190169999646,
      0.20722030799998947,
      0.20740640700000768
    ],
    "summary": {
      "mean_s": 0.20480225171427588,
      "median_s": 0.20436505699996133,
      "min_s": 0.19963885800001435,
      "max_s": 0.21127930699998387
    }
  },
  "biors_cli_tokenize": {
    "seconds": [
      0.20394333199999437,
      0.20655331399996157,
      0.21063950899997508,
      0.20144683500001292,
      0.21452860599998758,
      0.20556827699999758,
      0.20206735799996522
    ],
    "summary": {
      "mean_s": 0.20639246157141347,
      "median_s": 0.20556827699999758,
      "min_s": 0.20144683500001292,
      "max_s": 0.21452860599998758
    }
  }
}
